industry,Date,amounts,forecasted_value,forecasted_value_high,forecasted_value_low,trend,trend_high,trend_low,seasonal,seasonal,seasonal_low,seasonal_high,yearly,yearly_low,yearly_high,weekly,weekly_low,weekly_high
Biotechnology,1/1/1995,831.4457,1032.0333,2085.8475,-26.0693,870.9963,870.9963,870.9963,161.037,161.037,161.037,473.7362,473.7362,473.7362,-312.6991,-312.6991,-312.6991,-312.6991
Biotechnology,1/1/1996,1188.4704,2233.2585,3347.1153,1147.4454,1126.7965,1126.7965,1126.7965,1106.4619,1106.4619,1106.4619,524.1474,524.1474,524.1474,582.3146,582.3146,582.3146,582.3146
Biotechnology,1/1/1997,1363.8743,1833.4942,2963.5005,643.5352,1383.2976,1383.2976,1383.2976,450.1967,450.1967,450.1967,371.8972,371.8972,371.8972,78.2995,78.2995,78.2995,78.2995
Biotechnology,1/1/1998,1547.0587,2159.1429,3367.4562,1101.3341,1639.0978,1639.0978,1639.0978,520.0451,520.0451,520.0451,422.9655,422.9655,422.9655,97.0796,97.0796,97.0796,97.0796
Biotechnology,1/1/1999,2106.485,1661.9534,2736.4447,547.1415,1894.898,1894.898,1894.898,-232.9446,-232.9446,-232.9446,473.7362,473.7362,473.7362,-706.6808,-706.6808,-706.6808,-706.6808
Biotechnology,1/1/2000,4290.3049,3059.3461,4121.1544,1869.5512,2150.6982,2150.6982,2150.6982,908.6479,908.6479,908.6479,524.1474,524.1474,524.1474,384.5005,384.5005,384.5005,384.5005
Biotechnology,1/1/2001,3560.6045,3361.411,4497.2506,2226.2995,2407.1993,2407.1993,2407.1993,954.2117,954.2117,954.2117,371.8972,371.8972,371.8972,582.3146,582.3146,582.3146,582.3146
Biotechnology,1/1/2002,3377.8294,2963.1508,4067.2367,1895.9127,2662.9995,2662.9995,2662.9995,300.1514,300.1514,300.1514,422.9655,422.9655,422.9655,-122.8142,-122.8142,-122.8142,-122.8142
Biotechnology,1/1/2003,3751.1625,3470.8354,4610.7445,2350.5196,2918.7997,2918.7997,2918.7997,552.0357,552.0357,552.0357,473.7362,473.7362,473.7362,78.2995,78.2995,78.2995,78.2995
Biotechnology,1/1/2004,4440.8385,3795.8269,4891.0811,2684.5791,3174.5999,3174.5999,3174.5999,621.227,621.227,621.227,524.1474,524.1474,524.1474,97.0796,97.0796,97.0796,97.0796
Biotechnology,1/1/2005,4026.9216,4187.4986,5325.583,3101.8397,3431.101,3431.101,3431.101,756.3976,756.3976,756.3976,371.8972,371.8972,371.8972,384.5005,384.5005,384.5005,384.5005
Biotechnology,1/1/2006,5046.2139,3797.1675,4928.2753,2742.7009,3686.9012,3686.9012,3686.9012,110.2664,110.2664,110.2664,422.9655,422.9655,422.9655,-312.6991,-312.6991,-312.6991,-312.6991
Biotechnology,1/1/2007,6002.8805,4998.7521,6118.0183,3913.9185,3942.7014,3942.7014,3942.7014,1056.0507,1056.0507,1056.0507,473.7362,473.7362,473.7362,582.3146,582.3146,582.3146,582.3146
Biotechnology,1/1/2008,5171.3443,4599.8349,5732.7614,3480.205,4198.5017,4198.5017,4198.5017,401.3332,401.3332,401.3332,524.1474,524.1474,524.1474,-122.8142,-122.8142,-122.8142,-122.8142
Biotechnology,1/1/2009,3938.9294,4923.9795,6002.1286,3841.4133,4455.0028,4455.0028,4455.0028,468.9768,468.9768,468.9768,371.8972,371.8972,371.8972,97.0796,97.0796,97.0796,97.0796
Biotechnology,1/1/2010,3997.61,4427.0878,5502.6027,3362.0564,4710.8031,4710.8031,4710.8031,-283.7153,-283.7153,-283.7153,422.9655,422.9655,422.9655,-706.6808,-706.6808,-706.6808,-706.6808
Biotechnology,1/1/2011,4769.1593,5824.84,6888.4243,4672.7244,4966.6033,4966.6033,4966.6033,858.2367,858.2367,858.2367,473.7362,473.7362,473.7362,384.5005,384.5005,384.5005,384.5005
Biotechnology,1/1/2012,4326.3966,5433.8519,6500.8113,4287.0107,5222.4036,5222.4036,5222.4036,211.4482,211.4482,211.4482,524.1474,524.1474,524.1474,-312.6991,-312.6991,-312.6991,-312.6991
Biotechnology,1/1/2013,4623.7748,5727.9877,6890.5814,4613.3128,5478.9047,5478.9047,5478.9047,249.083,249.083,249.083,371.8972,371.8972,371.8972,-122.8142,-122.8142,-122.8142,-122.8142
Biotechnology,1/1/2014,6461.3284,6235.97,7387.411,5173.6759,5734.705,5734.705,5734.705,501.265,501.265,501.265,422.9655,422.9655,422.9655,78.2995,78.2995,78.2995,78.2995
Biotechnology,1/1/2015,7670.1473,6561.321,7698.3342,5494.4366,5990.5053,5990.5053,5990.5053,570.8158,570.8158,570.8158,473.7362,473.7362,473.7362,97.0796,97.0796,97.0796,97.0796
Biotechnology,1/1/2016, ,6063.7721,7219.5161,4996.252,6246.3056,6246.3056,6246.3055,-182.5334,-182.5334,-182.5334,524.1474,524.1474,524.1474,-706.6808,-706.6808,-706.6808,-706.6808
Biotechnology,1/1/2017, ,6562.0047,7711.7579,5434.1288,6502.8067,6502.8067,6502.8066,59.198,59.198,59.198,371.8972,371.8972,371.8972,-312.6991,-312.6991,-312.6991,-312.6991
Biotechnology,1/1/2018, ,7763.887,8919.7187,6595.3928,6758.6069,6758.607,6758.6069,1005.2801,1005.2801,1005.2801,422.9655,422.9655,422.9655,582.3146,582.3146,582.3146,582.3146
Biotechnology,1/1/2019, ,7365.3292,8448.3377,6348.3864,7014.4072,7014.4073,7014.4071,350.922,350.922,350.922,473.7362,473.7362,473.7362,-122.8142,-122.8142,-122.8142,-122.8142
Biotechnology,1/1/2020, ,7872.6544,9001.5038,6777.9409,7270.2075,7270.2076,7270.2074,602.4469,602.4469,602.4469,524.1474,524.1474,524.1474,78.2995,78.2995,78.2995,78.2995
Biotechnology,1/1/2021, ,7191.9249,8464.5732,6043.0671,7526.7086,7526.7087,7526.7085,-334.7836,-334.7836,-334.7836,371.8972,371.8972,371.8972,-706.6808,-706.6808,-706.6808,-706.6808
Biotechnology,1/1/2022, ,8589.9749,9700.0629,7528.7198,7782.5089,7782.509,7782.5087,807.466,807.466,807.466,422.9655,422.9655,422.9655,384.5005,384.5005,384.5005,384.5005
Biotechnology,1/1/2023, ,8199.3462,9310.3026,7133.7498,8038.3091,8038.3093,8038.309,161.037,161.037,161.037,473.7362,473.7362,473.7362,-312.6991,-312.6991,-312.6991,-312.6991
Biotechnology,1/1/2024, ,9400.5714,10505.0551,8308.5699,8294.1094,8294.1096,8294.1092,1106.4619,1106.4619,1106.4619,524.1474,524.1474,524.1474,582.3146,582.3146,582.3146,582.3146
Business Products & Services,1/1/1995,188.3499,384.3763,1414.0308,-588.0446,246.9509,246.9509,246.9509,137.4254,137.4254,137.4254,594.6125,594.6125,594.6125,-457.187,-457.187,-457.187,-457.187
Business Products & Services,1/1/1996,293.1379,665.2568,1779.1755,-388.9046,239.1913,239.1913,239.1913,426.0655,426.0655,426.0655,601.2097,601.2097,601.2097,-175.1442,-175.1442,-175.1442,-175.1442
Business Products & Services,1/1/1997,437.735,546.8424,1507.2704,-427.6594,231.4105,231.4105,231.4105,315.4319,315.4319,315.4319,580.1532,580.1532,580.1532,-264.7213,-264.7213,-264.7213,-264.7213
Business Products & Services,1/1/1998,682.0269,487.3489,1560.2098,-563.651,223.6509,223.6509,223.6509,263.698,263.698,263.698,587.5908,587.5908,587.5908,-323.8928,-323.8928,-323.8928,-323.8928
Business Products & Services,1/1/1999,2668.6811,1414.0517,2458.9972,366.7835,215.8725,215.8725,215.8725,1198.1792,1198.1792,1198.1792,594.6125,594.6125,594.6125,603.5667,603.5667,603.5667,603.5667
Business Products & Services,1/1/2000,4540.8582,1740.461,2737.2507,632.9933,208.0941,208.0941,208.0941,1532.3669,1532.3669,1532.3669,601.2097,601.2097,601.2097,931.1572,931.1572,931.1572,931.1572
Business Products & Services,1/1/2001,1078.0959,605.3034,1565.9305,-522.8839,200.2944,200.2944,200.2944,405.009,405.009,405.009,580.1532,580.1532,580.1532,-175.1442,-175.1442,-175.1442,-175.1442
Business Products & Services,1/1/2002,488.3308,466.3281,1482.9014,-550.0444,192.516,192.516,192.516,273.8121,273.8121,273.8121,587.5908,587.5908,587.5908,-313.7787,-313.7787,-313.7787,-313.7787
Business Products & Services,1/1/2003,666.576,514.6288,1473.66,-455.7382,184.7376,184.7376,184.7376,329.8912,329.8912,329.8912,594.6125,594.6125,594.6125,-264.7213,-264.7213,-264.7213,-264.7213
Business Products & Services,1/1/2004,423.4074,454.2761,1487.5765,-631.4629,176.9592,176.9592,176.9592,277.3169,277.3169,277.3169,601.2097,601.2097,601.2097,-323.8928,-323.8928,-323.8928,-323.8928
Business Products & Services,1/1/2005,341.2396,1680.4699,2705.0326,674.546,169.1595,169.1595,169.1595,1511.3104,1511.3104,1511.3104,580.1532,580.1532,580.1532,931.1572,931.1572,931.1572,931.1572
Business Products & Services,1/1/2006,557.0923,291.7848,1361.5653,-698.108,161.3811,161.3811,161.3811,130.4038,130.4038,130.4038,587.5908,587.5908,587.5908,-457.187,-457.187,-457.187,-457.187
Business Products & Services,1/1/2007,591.5378,573.071,1631.1167,-455.8763,153.6027,153.6027,153.6027,419.4683,419.4683,419.4683,594.6125,594.6125,594.6125,-175.1442,-175.1442,-175.1442,-175.1442
Business Products & Services,1/1/2008,455.8013,433.2553,1508.9883,-553.0224,145.8243,145.8243,145.8243,287.431,287.431,287.431,601.2097,601.2097,601.2097,-313.7787,-313.7787,-313.7787,-313.7787
Business Products & Services,1/1/2009,283.4924,394.285,1446.5766,-628.586,138.0246,138.0246,138.0246,256.2604,256.2604,256.2604,580.1532,580.1532,580.1532,-323.8928,-323.8928,-323.8928,-323.8928
Business Products & Services,1/1/2010,340.7797,1321.4036,2376.5296,359.2559,130.2461,130.2461,130.2461,1191.1575,1191.1575,1191.1575,587.5908,587.5908,587.5908,603.5667,603.5667,603.5667,603.5667
Business Products & Services,1/1/2011,170.475,1648.2374,2637.2929,657.7976,122.4677,122.4677,122.4677,1525.7697,1525.7697,1525.7697,594.6125,594.6125,594.6125,931.1572,931.1572,931.1572,931.1572
Business Products & Services,1/1/2012,123.3414,258.712,1308.5194,-696.2336,114.6893,114.6893,114.6893,144.0226,144.0226,144.0226,601.2097,601.2097,601.2097,-457.187,-457.187,-457.187,-457.187
Business Products & Services,1/1/2013,141.4516,373.2641,1373.041,-683.5099,106.8896,106.8896,106.8896,266.3745,266.3745,266.3745,580.1532,580.1532,580.1532,-313.7787,-313.7787,-313.7787,-313.7787
Business Products & Services,1/1/2014,346.1778,421.9807,1501.4734,-571.9775,99.1112,99.1112,99.1112,322.8695,322.8695,322.8695,587.5908,587.5908,587.5908,-264.7213,-264.7213,-264.7213,-264.7213
Business Products & Services,1/1/2015,256.3841,362.0525,1362.5715,-706.3561,91.3328,91.3328,91.3328,270.7197,270.7197,270.7197,594.6125,594.6125,594.6125,-323.8928,-323.8928,-323.8928,-323.8928
Business Products & Services,1/1/2016, ,1288.3308,2271.5041,247.2386,83.5544,83.5549,83.5538,1204.7764,1204.7764,1204.7764,601.2097,601.2097,601.2097,603.5667,603.5667,603.5667,603.5667
Business Products & Services,1/1/2017, ,198.7208,1212.4383,-901.7832,75.7547,75.7564,75.7525,122.9662,122.9662,122.9662,580.1532,580.1532,580.1532,-457.187,-457.187,-457.187,-457.187
Business Products & Services,1/1/2018, ,480.4229,1486.8508,-572.3196,67.9763,67.9797,67.972,412.4466,412.4466,412.4466,587.5908,587.5908,587.5908,-175.1442,-175.1442,-175.1442,-175.1442
Business Products & Services,1/1/2019, ,341.0317,1375.4325,-628.0607,60.1979,60.2035,60.1914,280.8338,280.8338,280.8338,594.6125,594.6125,594.6125,-313.7787,-313.7787,-313.7787,-313.7787
Business Products & Services,1/1/2020, ,388.9079,1517.1399,-577.2347,52.4195,52.4276,52.4103,336.4884,336.4884,336.4884,601.2097,601.2097,601.2097,-264.7213,-264.7213,-264.7213,-264.7213
Business Products & Services,1/1/2021, ,1228.3396,2274.3413,229.1166,44.6197,44.631,44.608,1183.7199,1183.7199,1183.7199,580.1532,580.1532,580.1532,603.5667,603.5667,603.5667,603.5667
Business Products & Services,1/1/2022, ,1555.5893,2566.7262,563.264,36.8413,36.8563,36.8269,1518.748,1518.748,1518.748,587.5908,587.5908,587.5908,931.1572,931.1572,931.1572,931.1572
Business Products & Services,1/1/2023, ,166.4884,1192.3722,-834.0943,29.0629,29.0811,29.0452,137.4254,137.4254,137.4254,594.6125,594.6125,594.6125,-457.187,-457.187,-457.187,-457.187
Business Products & Services,1/1/2024, ,447.35,1453.8346,-549.8267,21.2845,21.3063,21.2633,426.0655,426.0655,426.0655,601.2097,601.2097,601.2097,-175.1442,-175.1442,-175.1442,-175.1442
Computers & Peripherals,1/1/1995,314.6851,225.0882,623.7073,-165.5444,320.2068,320.2068,320.2068,-95.1185,-95.1185,-95.1185,64.1993,64.1993,64.1993,-159.3178,-159.3178,-159.3178,-159.3178
Computers & Peripherals,1/1/1996,357.8106,432.2118,845.5073,41.8605,339.0662,339.0662,339.0662,93.1456,93.1456,93.1456,64.895,64.895,64.895,28.2506,28.2506,28.2506,28.2506
Computers & Peripherals,1/1/1997,393.755,540.3138,936.0649,148.8377,357.9773,357.9773,357.9773,182.3365,182.3365,182.3365,62.6712,62.6712,62.6712,119.6653,119.6653,119.6653,119.6653
Computers & Peripherals,1/1/1998,369.816,337.7823,735.412,-69.1107,376.8368,376.8368,376.8368,-39.0544,-39.0544,-39.0544,63.4577,63.4577,63.4577,-102.5121,-102.5121,-102.5121,-102.5121
Computers & Peripherals,1/1/1999,943.176,510.703,915.6791,113.1862,395.6962,395.6962,395.6962,115.0068,115.0068,115.0068,64.1993,64.1993,64.1993,50.8075,50.8075,50.8075,50.8075
Computers & Peripherals,1/1/2000,1559.633,664.6368,1012.9081,254.9772,414.5557,414.5557,414.5557,250.0811,250.0811,250.0811,64.895,64.895,64.895,185.1861,185.1861,185.1861,185.1861
Computers & Peripherals,1/1/2001,690.4174,524.3885,944.5147,131.9015,433.4668,433.4668,433.4668,90.9218,90.9218,90.9218,62.6712,62.6712,62.6712,28.2506,28.2506,28.2506,28.2506
Computers & Peripherals,1/1/2002,446.6709,393.7042,788.9311,0.9603,452.3262,452.3262,452.3262,-58.622,-58.622,-58.622,63.4577,63.4577,63.4577,-122.0796,-122.0796,-122.0796,-122.0796
Computers & Peripherals,1/1/2003,290.9146,655.0502,1065.7655,266.1822,471.1856,471.1856,471.1856,183.8646,183.8646,183.8646,64.1993,64.1993,64.1993,119.6653,119.6653,119.6653,119.6653
Computers & Peripherals,1/1/2004,520.8069,452.428,818.9057,53.1035,490.0451,490.0451,490.0451,-37.6171,-37.6171,-37.6171,64.895,64.895,64.895,-102.5121,-102.5121,-102.5121,-102.5121
Computers & Peripherals,1/1/2005,450.4813,756.4881,1149.6786,333.6607,508.6308,508.6308,508.6308,247.8573,247.8573,247.8573,62.6712,62.6712,62.6712,185.1861,185.1861,185.1861,185.1861
Computers & Peripherals,1/1/2006,345.347,431.3056,853.6779,5.1958,527.1657,527.1657,527.1657,-95.8601,-95.8601,-95.8601,63.4577,63.4577,63.4577,-159.3178,-159.3178,-159.3178,-159.3178
Computers & Peripherals,1/1/2007,527.8312,638.1505,1013.8155,231.8451,545.7006,545.7006,545.7006,92.4499,92.4499,92.4499,64.1993,64.1993,64.1993,28.2506,28.2506,28.2506,28.2506
Computers & Peripherals,1/1/2008,368.5224,507.0508,879.7933,84.9841,564.2355,564.2355,564.2355,-57.1846,-57.1846,-57.1846,64.895,64.895,64.895,-122.0796,-122.0796,-122.0796,-122.0796
Computers & Peripherals,1/1/2009,331.6526,542.9802,912.6542,146.8458,582.8212,582.8212,582.8212,-39.841,-39.841,-39.841,62.6712,62.6712,62.6712,-102.5121,-102.5121,-102.5121,-102.5121
Computers & Peripherals,1/1/2010,351.69,715.6213,1094.6225,311.0648,601.3561,601.3561,601.3561,114.2652,114.2652,114.2652,63.4577,63.4577,63.4577,50.8075,50.8075,50.8075,50.8075
Computers & Peripherals,1/1/2011,411.9406,869.2764,1258.2837,470.469,619.891,619.891,619.891,249.3854,249.3854,249.3854,64.1993,64.1993,64.1993,185.1861,185.1861,185.1861,185.1861
Computers & Peripherals,1/1/2012,374.2759,544.0031,900.1714,121.6839,638.4259,638.4259,638.4259,-94.4228,-94.4228,-94.4228,64.895,64.895,64.895,-159.3178,-159.3178,-159.3178,-159.3178
Computers & Peripherals,1/1/2013,564.9477,597.6031,970.0805,163.4878,657.0116,657.0116,657.0116,-59.4085,-59.4085,-59.4085,62.6712,62.6712,62.6712,-122.0796,-122.0796,-122.0796,-122.0796
Computers & Peripherals,1/1/2014,1443.7737,858.6695,1249.5033,468.9944,675.5465,675.5465,675.5465,183.123,183.123,183.123,63.4577,63.4577,63.4577,119.6653,119.6653,119.6653,119.6653
Computers & Peripherals,1/1/2015,734.8868,655.7685,1051.8761,267.4183,694.0814,694.0814,694.0814,-38.3128,-38.3128,-38.3128,64.1993,64.1993,64.1993,-102.5121,-102.5121,-102.5121,-102.5121
Computers & Peripherals,1/1/2016, ,828.3188,1206.0925,456.5874,712.6163,712.6278,712.6063,115.7025,115.7025,115.7025,64.895,64.895,64.895,50.8075,50.8075,50.8075,50.8075
Computers & Peripherals,1/1/2017, ,634.5553,1039.5005,258.0787,731.202,731.2399,731.1683,-96.6467,-96.6467,-96.6467,62.6712,62.6712,62.6712,-159.3178,-159.3178,-159.3178,-159.3178
Computers & Peripherals,1/1/2018, ,841.4452,1260.5829,440.5259,749.7369,749.8071,749.6731,91.7083,91.7083,91.7083,63.4577,63.4577,63.4577,28.2506,28.2506,28.2506,28.2506
Computers & Peripherals,1/1/2019, ,710.3914,1099.4326,305.5952,768.2718,768.385,768.1704,-57.8804,-57.8804,-57.8804,64.1993,64.1993,64.1993,-122.0796,-122.0796,-122.0796,-122.0796
Computers & Peripherals,1/1/2020, ,971.367,1336.8096,582.8951,786.8067,786.9598,786.6621,184.5603,184.5603,184.5603,64.895,64.895,64.895,119.6653,119.6653,119.6653,119.6653
Computers & Peripherals,1/1/2021, ,918.871,1335.3839,530.0575,805.3924,805.599,805.1965,113.4787,113.4787,113.4787,62.6712,62.6712,62.6712,50.8075,50.8075,50.8075,50.8075
Computers & Peripherals,1/1/2022, ,1072.5711,1465.1499,691.4792,823.9273,824.183,823.6748,248.6438,248.6438,248.6438,63.4577,63.4577,63.4577,185.1861,185.1861,185.1861,185.1861
Computers & Peripherals,1/1/2023, ,747.3436,1150.2108,337.7252,842.4622,842.777,842.1615,-95.1185,-95.1185,-95.1185,64.1993,64.1993,64.1993,-159.3178,-159.3178,-159.3178,-159.3178
Computers & Peripherals,1/1/2024, ,954.1427,1347.4748,580.0121,860.9971,861.3646,860.6435,93.1456,93.1456,93.1456,64.895,64.895,64.895,28.2506,28.2506,28.2506,28.2506
Consumer Products & Services,1/1/1995,526.6551,-811.2015,794.4178,-2145.7,429.1192,429.1192,429.1192,-1240.3208,-1240.3208,-1240.3208,-956.2725,-956.2725,-956.2725,-284.0482,-284.0482,-284.0482,-284.0482
Consumer Products & Services,1/1/1996,546.6969,-282.4466,1119.1647,-1668.0858,604.715,604.715,604.715,-887.1616,-887.1616,-887.1616,-946.7053,-946.7053,-946.7053,59.5437,59.5437,59.5437,59.5437
Consumer Products & Services,1/1/1997,746.9154,-3.8218,1460.0358,-1478.315,780.7918,780.7918,780.7918,-784.6135,-784.6135,-784.6135,-973.3625,-973.3625,-973.3625,188.749,188.749,188.749,188.749
Consumer Products & Services,1/1/1998,700.5607,124.9975,1544.5226,-1353.5329,956.3873,956.3873,956.3873,-831.3897,-831.3897,-831.3897,-965.1619,-965.1619,-965.1619,133.7721,133.7721,133.7721,133.7721
Consumer Products & Services,1/1/1999,2712.8064,634.8863,2062.1716,-860.9241,1129.3607,1129.3607,1129.3607,-494.4744,-494.4744,-494.4744,-956.2725,-956.2725,-956.2725,461.7982,461.7982,461.7982,461.7982
Consumer Products & Services,1/1/2000,3219.2407,751.524,2104.347,-668.4978,1302.3341,1302.3341,1302.3341,-550.8101,-550.8101,-550.8101,-946.7053,-946.7053,-946.7053,395.8953,395.8953,395.8953,395.8953
Consumer Products & Services,1/1/2001,706.4413,561.9626,1997.5611,-776.6653,1475.7814,1475.7814,1475.7814,-913.8188,-913.8188,-913.8188,-973.3625,-973.3625,-973.3625,59.5437,59.5437,59.5437,59.5437
Consumer Products & Services,1/1/2002,255.3552,-272.1171,1104.9106,-1691.1175,1648.7548,1648.7548,1648.7548,-1920.8719,-1920.8719,-1920.8719,-965.1619,-965.1619,-965.1619,-955.71,-955.71,-955.71,-955.71
Consumer Products & Services,1/1/2003,156.5459,1054.2046,2465.9142,-444.2726,1821.7282,1821.7282,1821.7282,-767.5236,-767.5236,-767.5236,-956.2725,-956.2725,-956.2725,188.749,188.749,188.749,188.749
Consumer Products & Services,1/1/2004,326.0371,1181.7683,2640.2254,-232.0522,1994.7015,1994.7015,1994.7015,-812.9332,-812.9332,-812.9332,-946.7053,-946.7053,-946.7053,133.7721,133.7721,133.7721,133.7721
Consumer Products & Services,1/1/2005,413.4868,1590.6816,3026.1345,97.8328,2168.1488,2168.1488,2168.1488,-577.4672,-577.4672,-577.4672,-973.3625,-973.3625,-973.3625,395.8953,395.8953,395.8953,395.8953
Consumer Products & Services,1/1/2006,403.7036,1091.9121,2459.9449,-380.5186,2341.1222,2341.1222,2341.1222,-1249.2101,-1249.2101,-1249.2101,-965.1619,-965.1619,-965.1619,-284.0482,-284.0482,-284.0482,-284.0482
Consumer Products & Services,1/1/2007,447.6032,1617.3668,3093.1572,141.9597,2514.0956,2514.0956,2514.0956,-896.7288,-896.7288,-896.7288,-956.2725,-956.2725,-956.2725,59.5437,59.5437,59.5437,59.5437
Consumer Products & Services,1/1/2008,644.8246,784.6536,2117.0918,-694.5989,2687.069,2687.069,2687.069,-1902.4154,-1902.4154,-1902.4154,-946.7053,-946.7053,-946.7053,-955.71,-955.71,-955.71,-955.71
Consumer Products & Services,1/1/2009,485.373,2020.9259,3531.1434,607.9435,2860.5163,2860.5163,2860.5163,-839.5904,-839.5904,-839.5904,-973.3625,-973.3625,-973.3625,133.7721,133.7721,133.7721,133.7721
Consumer Products & Services,1/1/2010,635.8374,2530.1259,4042.5333,1125.0119,3033.4896,3033.4896,3033.4896,-503.3637,-503.3637,-503.3637,-965.1619,-965.1619,-965.1619,461.7982,461.7982,461.7982,461.7982
Consumer Products & Services,1/1/2011,1342.9096,2646.0858,4180.373,1251.4705,3206.463,3206.463,3206.463,-560.3773,-560.3773,-560.3773,-956.2725,-956.2725,-956.2725,395.8953,395.8953,395.8953,395.8953
Consumer Products & Services,1/1/2012,1415.6378,2148.6828,3625.7759,645.7523,3379.4364,3379.4364,3379.4364,-1230.7536,-1230.7536,-1230.7536,-946.7053,-946.7053,-946.7053,-284.0482,-284.0482,-284.0482,-284.0482
Consumer Products & Services,1/1/2013,1331.2502,1623.8112,3122.1255,180.7148,3552.8837,3552.8837,3552.8837,-1929.0725,-1929.0725,-1929.0725,-973.3625,-973.3625,-973.3625,-955.71,-955.71,-955.71,-955.71
Consumer Products & Services,1/1/2014,3053.6043,2949.4442,4422.4368,1522.0118,3725.8571,3725.8571,3725.8571,-776.4129,-776.4129,-776.4129,-965.1619,-965.1619,-965.1619,188.749,188.749,188.749,188.749
Consumer Products & Services,1/1/2015,4856.6099,3076.33,4456.0498,1585.5022,3898.8305,3898.8305,3898.8305,-822.5004,-822.5004,-822.5004,-956.2725,-956.2725,-956.2725,133.7721,133.7721,133.7721,133.7721
Consumer Products & Services,1/1/2016, ,3586.8967,4993.0957,2133.8514,4071.8038,4071.8839,4071.7209,-484.9072,-484.9072,-484.9072,-946.7053,-946.7053,-946.7053,461.7982,461.7982,461.7982,461.7982
Consumer Products & Services,1/1/2017, ,2987.8404,4393.3329,1507.8555,4245.2511,4245.5171,4244.9773,-1257.4107,-1257.4107,-1257.4107,-973.3625,-973.3625,-973.3625,-284.0482,-284.0482,-284.0482,-284.0482
Consumer Products & Services,1/1/2018, ,3512.6064,4898.4352,2082.7948,4418.2245,4418.7646,4417.7186,-905.6181,-905.6181,-905.6181,-965.1619,-965.1619,-965.1619,59.5437,59.5437,59.5437,59.5437
Consumer Products & Services,1/1/2019, ,2679.2153,4073.9941,1205.2057,4591.1979,4592.0891,4590.3979,-1911.9826,-1911.9826,-1911.9826,-956.2725,-956.2725,-956.2725,-955.71,-955.71,-955.71,-955.71
Consumer Products & Services,1/1/2020, ,4006.2149,5477.9716,2538.4855,4764.1713,4765.4449,4763.0346,-757.9564,-757.9564,-757.9564,-946.7053,-946.7053,-946.7053,188.749,188.749,188.749,188.749
Consumer Products & Services,1/1/2021, ,4426.0542,5832.4408,2930.924,4937.6186,4939.2942,4936.1265,-511.5643,-511.5643,-511.5643,-973.3625,-973.3625,-973.3625,461.7982,461.7982,461.7982,461.7982
Consumer Products & Services,1/1/2022, ,4541.3253,5958.9723,3119.1048,5110.5919,5112.724,5108.742,-569.2666,-569.2666,-569.2666,-965.1619,-965.1619,-965.1619,395.8953,395.8953,395.8953,395.8953
Consumer Products & Services,1/1/2023, ,4043.2445,5437.6318,2576.2409,5283.5653,5286.1663,5281.2157,-1240.3208,-1240.3208,-1240.3208,-956.2725,-956.2725,-956.2725,-284.0482,-284.0482,-284.0482,-284.0482
Consumer Products & Services,1/1/2024, ,4569.3771,6129.1422,3081.6973,5456.5387,5459.7576,5453.7109,-887.1616,-887.1616,-887.1616,-946.7053,-946.7053,-946.7053,59.5437,59.5437,59.5437,59.5437
Electronics/Instrumentation,1/1/1995,137.1411,228.2438,412.0504,61.6912,148.5979,148.5979,148.5979,79.6459,79.6459,79.6459,119.0239,119.0239,119.0239,-39.378,-39.378,-39.378,-39.378
Electronics/Instrumentation,1/1/1996,190.6817,306.259,480.4065,120.4284,162.0115,162.0115,162.0115,144.2476,144.2476,144.2476,119.3062,119.3062,119.3062,24.9413,24.9413,24.9413,24.9413
Electronics/Instrumentation,1/1/1997,306.7784,310.7199,489.5051,132.4434,175.4618,175.4618,175.4618,135.2581,135.2581,135.2581,118.2054,118.2054,118.2054,17.0527,17.0527,17.0527,17.0527
Electronics/Instrumentation,1/1/1998,198.4946,236.4538,409.5545,58.9386,188.8754,188.8754,188.8754,47.5784,47.5784,47.5784,118.6568,118.6568,118.6568,-71.0784,-71.0784,-71.0784,-71.0784
Electronics/Instrumentation,1/1/1999,271.5433,275.4176,462.6353,89.5181,202.1875,202.1875,202.1875,73.2301,73.2301,73.2301,119.0239,119.0239,119.0239,-45.7937,-45.7937,-45.7937,-45.7937
Electronics/Instrumentation,1/1/2000,781.1567,471.848,636.6925,277.0182,215.4996,215.4996,215.4996,256.3484,256.3484,256.3484,119.3062,119.3062,119.3062,137.0422,137.0422,137.0422,137.0422
Electronics/Instrumentation,1/1/2001,379.796,371.9949,545.3162,200.182,228.8482,228.8482,228.8482,143.1467,143.1467,143.1467,118.2054,118.2054,118.2054,24.9413,24.9413,24.9413,24.9413
Electronics/Instrumentation,1/1/2002,314.5332,338.0308,501.6849,156.5397,242.1603,242.1603,242.1603,95.8706,95.8706,95.8706,118.6568,118.6568,118.6568,-22.7862,-22.7862,-22.7862,-22.7862
Electronics/Instrumentation,1/1/2003,231.6489,391.549,567.088,215.086,255.4724,255.4724,255.4724,136.0766,136.0766,136.0766,119.0239,119.0239,119.0239,17.0527,17.0527,17.0527,17.0527
Electronics/Instrumentation,1/1/2004,374.0171,317.0124,492.9556,130.7901,268.7845,268.7845,268.7845,48.2279,48.2279,48.2279,119.3062,119.3062,119.3062,-71.0784,-71.0784,-71.0784,-71.0784
Electronics/Instrumentation,1/1/2005,445.2862,537.3806,716.2922,369.8034,282.1331,282.1331,282.1331,255.2475,255.2475,255.2475,118.2054,118.2054,118.2054,137.0422,137.0422,137.0422,137.0422
Electronics/Instrumentation,1/1/2006,646.0665,374.724,538.27,190.8036,295.4452,295.4452,295.4452,79.2788,79.2788,79.2788,118.6568,118.6568,118.6568,-39.378,-39.378,-39.378,-39.378
Electronics/Instrumentation,1/1/2007,563.1132,452.7225,625.3398,275.885,308.7573,308.7573,308.7573,143.9652,143.9652,143.9652,119.0239,119.0239,119.0239,24.9413,24.9413,24.9413,24.9413
Electronics/Instrumentation,1/1/2008,606.4002,418.5894,586.4181,246.6945,322.0694,322.0694,322.0694,96.5201,96.5201,96.5201,119.3062,119.3062,119.3062,-22.7862,-22.7862,-22.7862,-22.7862
Electronics/Instrumentation,1/1/2009,430.5775,382.5449,556.5826,197.3126,335.4179,335.4179,335.4179,47.127,47.127,47.127,118.2054,118.2054,118.2054,-71.0784,-71.0784,-71.0784,-71.0784
Electronics/Instrumentation,1/1/2010,395.2385,421.5931,610.3403,248.7081,348.7301,348.7301,348.7301,72.863,72.863,72.863,118.6568,118.6568,118.6568,-45.7937,-45.7937,-45.7937,-45.7937
Electronics/Instrumentation,1/1/2011,397.5842,618.1082,805.7959,435.7609,362.0422,362.0422,362.0422,256.066,256.066,256.066,119.0239,119.0239,119.0239,137.0422,137.0422,137.0422,137.0422
Electronics/Instrumentation,1/1/2012,263.9939,455.2825,629.0374,282.9703,375.3543,375.3543,375.3543,79.9283,79.9283,79.9283,119.3062,119.3062,119.3062,-39.378,-39.378,-39.378,-39.378
Electronics/Instrumentation,1/1/2013,301.4975,484.122,654.9575,302.3327,388.7028,388.7028,388.7028,95.4192,95.4192,95.4192,118.2054,118.2054,118.2054,-22.7862,-22.7862,-22.7862,-22.7862
Electronics/Instrumentation,1/1/2014,695.0462,537.7244,721.8586,364.5152,402.0149,402.0149,402.0149,135.7095,135.7095,135.7095,118.6568,118.6568,118.6568,17.0527,17.0527,17.0527,17.0527
Electronics/Instrumentation,1/1/2015,407.5859,463.2725,641.4085,287.6751,415.327,415.327,415.327,47.9455,47.9455,47.9455,119.0239,119.0239,119.0239,-71.0784,-71.0784,-71.0784,-71.0784
Electronics/Instrumentation,1/1/2016, ,502.1517,662.2582,320.214,428.6391,428.6426,428.6359,73.5125,73.5125,73.5125,119.3062,119.3062,119.3062,-45.7937,-45.7937,-45.7937,-45.7937
Electronics/Instrumentation,1/1/2017, ,520.8151,688.5408,340.6498,441.9877,441.9983,441.9764,78.8274,78.8274,78.8274,118.2054,118.2054,118.2054,-39.378,-39.378,-39.378,-39.378
Electronics/Instrumentation,1/1/2018, ,598.8979,792.9721,429.7589,455.2998,455.3211,455.2792,143.5981,143.5981,143.5981,118.6568,118.6568,118.6568,24.9413,24.9413,24.9413,24.9413
Electronics/Instrumentation,1/1/2019, ,564.8496,756.1916,380.6335,468.6119,468.6458,468.5806,96.2377,96.2377,96.2377,119.0239,119.0239,119.0239,-22.7862,-22.7862,-22.7862,-22.7862
Electronics/Instrumentation,1/1/2020, ,618.283,804.6026,437.5431,481.924,481.9743,481.8809,136.359,136.359,136.359,119.3062,119.3062,119.3062,17.0527,17.0527,17.0527,17.0527
Electronics/Instrumentation,1/1/2021, ,567.6842,738.1844,378.9429,495.2726,495.3385,495.2155,72.4116,72.4116,72.4116,118.2054,118.2054,118.2054,-45.7937,-45.7937,-45.7937,-45.7937
Electronics/Instrumentation,1/1/2022, ,764.2836,950.7256,594.2632,508.5847,508.6701,508.514,255.6989,255.6989,255.6989,118.6568,118.6568,118.6568,137.0422,137.0422,137.0422,137.0422
Electronics/Instrumentation,1/1/2023, ,601.5427,772.8003,418.8825,521.8968,522.0018,521.8081,79.6459,79.6459,79.6459,119.0239,119.0239,119.0239,-39.378,-39.378,-39.378,-39.378
Electronics/Instrumentation,1/1/2024, ,679.4565,840.72,498.7903,535.2089,535.3364,535.1059,144.2476,144.2476,144.2476,119.3062,119.3062,119.3062,24.9413,24.9413,24.9413,24.9413
Financial Services,1/1/1995,183.525,183.525,5492.6347,-5105.3122,183.525,183.525,183.525,0,0,0,0,0,0,0,0,0,0
Financial Services,1/1/1996,335.1741,340.1497,5509.2845,-4803.8963,340.1497,340.1497,340.1497,0,0,0,0,0,0,0,0,0,0
Financial Services,1/1/1997,382.4078,497.2035,5969.2514,-5448.7909,497.2035,497.2035,497.2035,0,0,0,0,0,0,0,0,0,0
Financial Services,1/1/1998,866.3799,653.8281,6124.3285,-4588.4607,653.8281,653.8281,653.8281,0,0,0,0,0,0,0,0,0,0
Financial Services,1/1/1999,2114.6046,810.4528,5746.8204,-4758.2021,810.4528,810.4528,810.4528,0,0,0,0,0,0,0,0,0,0
Financial Services,1/1/2000,4083.2901,967.0775,6053.1309,-4129.3577,967.0775,967.0775,967.0775,0,0,0,0,0,0,0,0,0,0
Financial Services,1/1/2001,1231.871,1124.1313,6431.0733,-3570.0549,1124.1313,1124.1313,1124.1313,0,0,0,0,0,0,0,0,0,0
Financial Services,1/1/2002,325.1547,1280.7559,6500.3375,-3447.7374,1280.7559,1280.7559,1280.7559,0,0,0,0,0,0,0,0,0,0
Financial Services,1/1/2003,410.726,1437.3806,6530.4795,-3925.803,1437.3806,1437.3806,1437.3806,0,0,0,0,0,0,0,0,0,0
Financial Services,1/1/2004,522.4656,1594.0053,7069.6665,-3867.1392,1594.0053,1594.0053,1594.0053,0,0,0,0,0,0,0,0,0,0
Financial Services,1/1/2005,544.1112,1751.0591,6861.0461,-3631.408,1751.0591,1751.0591,1751.0591,0,0,0,0,0,0,0,0,0,0
Financial Services,1/1/2006,545.2912,1907.6837,7048.8604,-3391.7104,1907.6837,1907.6837,1907.6837,0,0,0,0,0,0,0,0,0,0
Financial Services,1/1/2007,592.2146,2064.3084,7834.5348,-3222.1881,2064.3084,2064.3084,2064.3084,0,0,0,0,0,0,0,0,0,0
Financial Services,1/1/2008,492.6555,2220.9331,7721.2063,-3205.9155,2220.9331,2220.9331,2220.9331,0,0,0,0,0,0,0,0,0,0
Financial Services,1/1/2009,335.5933,2377.9869,7278.7804,-2567.1928,2377.9869,2377.9869,2377.9869,0,0,0,0,0,0,0,0,0,0
Financial Services,1/1/2010,384.7124,2534.6115,7569.1185,-2834.3506,2534.6115,2534.6115,2534.6115,0,0,0,0,0,0,0,0,0,0
Financial Services,1/1/2011,457.7589,2691.2362,7736.9529,-2942.9322,2691.2362,2691.2362,2691.2362,0,0,0,0,0,0,0,0,0,0
Financial Services,1/1/2012,277.3809,2847.8609,8233.0914,-2533.5609,2847.8609,2847.8609,2847.8609,0,0,0,0,0,0,0,0,0,0
Financial Services,1/1/2013,649.8338,3004.9147,8440.3936,-2046.7479,3004.9147,3004.9147,3004.9147,0,0,0,0,0,0,0,0,0,0
Financial Services,1/1/2014,1138.2401,3161.5393,8203.6246,-1764.0508,3161.5393,3161.5393,3161.5393,0,0,0,0,0,0,0,0,0,0
Financial Services,1/1/2015,3318.164,3318.164,8608.4172,-2089.4243,3318.164,3318.164,3318.164,0,0,0,0,0,0,0,0,0,0
Financial Services,1/1/2016, ,3474.7887,8846.3604,-1835.6341,3474.7887,3474.7887,3474.7887,0,0,0,0,0,0,0,0,0,0
Financial Services,1/1/2017, ,3631.8425,8948.4133,-1675.1512,3631.8425,3631.8425,3631.8424,0,0,0,0,0,0,0,0,0,0
Financial Services,1/1/2018, ,3788.4671,8937.3549,-1033.6228,3788.4671,3788.4671,3788.4671,0,0,0,0,0,0,0,0,0,0
Financial Services,1/1/2019, ,3945.0918,9130.4496,-1080.0073,3945.0918,3945.0918,3945.0918,0,0,0,0,0,0,0,0,0,0
Financial Services,1/1/2020, ,4101.7165,9023.5202,-1316.9592,4101.7165,4101.7165,4101.7164,0,0,0,0,0,0,0,0,0,0
Financial Services,1/1/2021, ,4258.7703,9562.83,-982.8178,4258.7703,4258.7703,4258.7702,0,0,0,0,0,0,0,0,0,0
Financial Services,1/1/2022, ,4415.3949,9830.7265,-983.7834,4415.3949,4415.395,4415.3949,0,0,0,0,0,0,0,0,0,0
Financial Services,1/1/2023, ,4572.0196,9892.9232,-957.3623,4572.0196,4572.0196,4572.0195,0,0,0,0,0,0,0,0,0,0
Financial Services,1/1/2024, ,4728.6443,9553.1191,-728.278,4728.6443,4728.6443,4728.6442,0,0,0,0,0,0,0,0,0,0
Healthcare Services,1/1/1995,463.7396,701.8537,1031.7859,364.0541,502.8078,502.8078,502.8078,199.046,199.046,199.046,418.585,418.585,418.585,-219.539,-219.539,-219.539,-219.539
Healthcare Services,1/1/1996,737.9892,728.2916,1071.212,421.8968,466.3477,466.3477,466.3477,261.9439,261.9439,261.9439,428.4933,428.4933,428.4933,-166.5494,-166.5494,-166.5494,-166.5494
Healthcare Services,1/1/1997,970.5344,778.381,1108.107,437.8262,429.7877,429.7877,429.7877,348.5933,348.5933,348.5933,397.8799,397.8799,397.8799,-49.2866,-49.2866,-49.2866,-49.2866
Healthcare Services,1/1/1998,960.3583,877.0564,1205.0231,528.3349,393.3276,393.3276,393.3276,483.7287,483.7287,483.7287,408.3764,408.3764,408.3764,75.3523,75.3523,75.3523,75.3523
Healthcare Services,1/1/1999,1491.6363,1164.4846,1502.0808,851.6178,356.8676,356.8676,356.8676,807.617,807.617,807.617,418.585,418.585,418.585,389.032,389.032,389.032,389.032
Healthcare Services,1/1/2000,1392.0944,907.968,1242.3635,586.517,320.4075,320.4075,320.4075,587.5605,587.5605,587.5605,428.4933,428.4933,428.4933,159.0672,159.0672,159.0672,159.0672
Healthcare Services,1/1/2001,536.6639,515.1781,800.7542,181.6967,283.8475,283.8475,283.8475,231.3306,231.3306,231.3306,397.8799,397.8799,397.8799,-166.5494,-166.5494,-166.5494,-166.5494
Healthcare Services,1/1/2002,374.3,467.6874,822.1021,112.5868,247.3874,247.3874,247.3874,220.2999,220.2999,220.2999,408.3764,408.3764,408.3764,-188.0765,-188.0765,-188.0765,-188.0765
Healthcare Services,1/1/2003,227.5054,580.2257,884.8446,255.2521,210.9274,210.9274,210.9274,369.2984,369.2984,369.2984,418.585,418.585,418.585,-49.2866,-49.2866,-49.2866,-49.2866
Healthcare Services,1/1/2004,381.6686,678.3129,994.0316,368.2185,174.4673,174.4673,174.4673,503.8456,503.8456,503.8456,428.4933,428.4933,428.4933,75.3523,75.3523,75.3523,75.3523
Healthcare Services,1/1/2005,368.512,694.8545,1016.7834,385.2424,137.9073,137.9073,137.9073,556.9472,556.9472,556.9472,397.8799,397.8799,397.8799,159.0672,159.0672,159.0672,159.0672
Healthcare Services,1/1/2006,379.6106,290.2846,608.1192,-65.1345,101.4472,101.4472,101.4472,188.8374,188.8374,188.8374,408.3764,408.3764,408.3764,-219.539,-219.539,-219.539,-219.539
Healthcare Services,1/1/2007,335.1153,317.0228,657.1271,6.8665,64.9871,64.9871,64.9871,252.0357,252.0357,252.0357,418.585,418.585,418.585,-166.5494,-166.5494,-166.5494,-166.5494
Healthcare Services,1/1/2008,187.0269,268.9439,587.8049,-48.4981,28.5271,28.5271,28.5271,240.4168,240.4168,240.4168,428.4933,428.4933,428.4933,-188.0765,-188.0765,-188.0765,-188.0765
Healthcare Services,1/1/2009,129.5748,465.1993,780.2575,140.3022,-8.0329,-8.0329,-8.0329,473.2322,473.2322,473.2322,397.8799,397.8799,397.8799,75.3523,75.3523,75.3523,75.3523
Healthcare Services,1/1/2010,267.8262,752.9155,1076.448,446.5127,-44.493,-44.493,-44.493,797.4084,797.4084,797.4084,408.3764,408.3764,408.3764,389.032,389.032,389.032,389.032
Healthcare Services,1/1/2011,393.7787,496.7052,801.3874,189.0473,-80.9471,-80.9471,-80.9471,577.6523,577.6523,577.6523,418.585,418.585,418.585,159.0672,159.0672,159.0672,159.0672
Healthcare Services,1/1/2012,255.6541,91.553,391.4434,-235.4554,-117.4012,-117.4012,-117.4012,208.9542,208.9542,208.9542,428.4933,428.4933,428.4933,-219.539,-219.539,-219.539,-219.539
Healthcare Services,1/1/2013,215.8124,55.8482,400.3463,-279.4935,-153.9552,-153.9552,-153.9552,209.8034,209.8034,209.8034,397.8799,397.8799,397.8799,-188.0765,-188.0765,-188.0765,-188.0765
Healthcare Services,1/1/2014,364.264,168.6804,498.7033,-148.1741,-190.4093,-190.4093,-190.4093,359.0898,359.0898,359.0898,408.3764,408.3764,408.3764,-49.2866,-49.2866,-49.2866,-49.2866
